Scala Farbton;C;M;Y;K;HBW;RAL
03.03.03;0;0;10;5;82,3;
03.03.06;5;5;15;0;75,6;
03.03.09;5;5;20;10;67,3;RAL 9002
03.03.12;10;10;25;15;55,9;
03.03.15;15;15;30;20;47,1;RAL 7044
03.03.16;20;15;35;35;37,5;
03.03.18;50;45;50;0;29,0;RAL 7030
03.03.21;40;35;45;30;22,4;
03.03.24;10;15;30;70;16,5;RAL 7039
03.03.25;20;25;40;70;13,9;
03.03.27;10;20;40;80;10,7;RAL 7013
03.03.30;35;40;60;80;7,7;RAL 6014
03.06.03;0;5;20;0;87,6;
03.06.06;0;5;25;0;83,0;
03.06.09;5;10;30;0;74,1;
03.06.12;0;5;30;20;61,1;
03.06.15;25;25;40;10;43,2;
03.06.16;5;15;40;45;34,7;
03.06.18;35;40;60;15;30,7;
03.06.21;5;20;45;60;21,4;
03.06.24;40;50;70;45;13,7;
03.06.27;5;20;45;80;10,3;
03.06.30;60;60;80;80;6,2;
03.09.01;0;5;20;0;88,0;
03.09.03;0;5;30;0;84,5;
03.09.06;0;5;35;0;76,6;
03.09.09;5;15;45;0;67,6;
03.09.12;0;15;50;5;59,7;
03.09.15;5;20;60;25;43,4;
03.09.16;5;25;60;35;34,5;
03.09.18;20;35;70;25;30,0;
03.09.21;25;40;70;35;22,5;
03.09.24;25;45;70;50;15,0;RAL 7008
03.09.27;20;45;90;80;9,2;
03.12.01;0;0;35;0;87,3;
03.12.03;0;5;40;5;83,3;
03.12.06;0;10;50;0;75,2;
03.12.09;0;15;60;0;69,5;
03.12.12;0;15;60;0;58,7;
03.12.15;0;25;70;20;42,8;
03.12.16;5;30;70;20;38,5;
03.12.18;30;45;80;0;33,6;
03.12.21;10;45;90;45;20,8;
03.12.24;20;50;90;60;13,9;
03.15.01;0;5;40;0;87,2;
03.15.02;0;5;40;5;85,0;
03.15.03;0;5;50;0;79,7;
03.15.06;0;15;70;0;75,1;
03.15.09;0;20;80;0;68,6;
03.15.12;0;25;90;0;66,7;
03.15.15;0;30;90;5;48,0;RAL 1012
03.15.18;5;35;100;5;42,0;
03.15.21;5;35;100;30;30,9;
03.15.24;0;40;100;40;25,9;RAL 1027
03.18.15;0;25;100;0;56,8;
03.18.18;0;30;100;0;54,6;RAL 1021
03.21.12;0;25;100;0;65,3;
03.21.15;0;25;100;0;62,3;
03.21.18;0;30;100;0;53,9;RAL 1023
03.ME.01;20;20;30;45;~ 35;DB 704
06.06.03;5;5;20;0;80,2;
06.06.06;0;5;25;10;71,5;RAL 1013
06.06.09;5;10;30;10;64,9;
06.06.12;5;10;35;15;55,3;
06.06.15;20;25;45;10;47,8;
06.06.18;15;25;45;35;30,6;
06.06.21;40;45;60;25;23,7;
06.06.24;60;70;80;30;11,7;
06.06.27;10;30;50;90;6,8;
06.09.03;0;5;20;0;81,2;
06.09.06;0;10;35;0;73,4;
06.09.09;0;15;45;10;61,6;
06.09.12;10;25;45;0;59,5;RAL 1014
06.09.15;0;25;60;20;44,7;
06.09.18;20;40;70;25;28,0;
06.09.21;25;50;80;45;18,9;
06.09.24;45;60;90;45;13,0;
06.09.27;15;40;70;70;10,3;
06.12.01;0;0;15;0;87,0;
06.12.02;0;5;25;0;84,1;
06.12.03;0;5;35;0;77,6;
06.12.06;0;15;45;0;76,3;
06.12.09;0;20;50;0;61,7;
06.12.12;0;25;60;5;54,9;
06.12.15;5;35;70;5;45,3;
06.12.18;30;50;80;0;32,7;
06.12.21;10;50;90;35;23,4;
06.12.24;0;40;80;60;15,6;
06.15.01;0;0;25;0;89,2;
06.15.02;0;5;40;0;85,2;
06.15.03;0;10;45;0;80,5;
06.15.06;0;10;50;0;74,8;
06.15.09;0;25;70;0;65,0;
06.15.12;0;35;80;0;55,5;
06.15.15;0;40;90;5;43,4;
06.15.18;0;40;100;20;33,8;
06.15.21;10;50;100;40;21,8;
06.18.09;0;25;80;0;64,9;
06.18.12;0;30;80;0;57,0;
06.18.15;0;40;100;5;43,7;RAL 1032
06.18.18;0;40;100;20;33,9;RAL 1005
06.21.12;0;25;80;0;65,9;
06.21.15;0;35;100;0;54,4;
06.21.18;0;45;100;0;42,1;RAL 1004
09.06.02;0;0;10;5;80,9;
09.06.03;0;5;15;0;80,5;
09.06.06;0;5;15;5;76,1;RAL 9001
09.06.09;5;10;25;5;66,2;
09.06.12;5;10;30;15;57,2;
09.06.15;0;10;30;30;46,7;
09.06.18;30;35;50;20;30,7;
09.06.21;0;15;35;70;16,9;RAL 7006
09.06.24;0;30;45;80;9,5;
09.06.27;10;25;50;90;6,3;RAL 6022
09.07.03;0;5;20;0;81,1;
09.07.06;0;5;20;5;75,4;
09.07.09;0;10;30;10;64,9;
09.09.01;0;0;15;0;91,1;
09.09.02;0;5;20;0;88,2;
09.09.03;0;5;25;0;83,1;
09.09.06;0;10;30;0;74,9;
09.09.09;0;10;35;5;67,7;RAL 1015
09.09.12;5;20;40;10;55,6;
09.09.15;10;30;60;10;47,2;RAL 1001
09.09.18;30;45;70;15;29,5;
09.09.21;0;40;70;50;18,4;RAL 8000
09.09.24;0;40;70;80;10,0;
09.11.06;0;15;40;0;73,3;
09.11.09;0;15;40;5;66,8;
09.11.12;5;25;50;0;58,6;
09.11.15;10;35;60;5;45,6;
09.12.01;0;5;20;0;84,8;
09.12.02;0;10;35;0;84,1;
09.12.03;0;10;35;0;80,4;
09.12.06;0;10;40;5;75,7;
09.12.09;0;20;45;5;63,1;
09.12.12;0;25;60;5;56,9;
09.12.15;5;35;70;10;44,9;RAL 1002
09.12.18;15;45;80;10;32,8;RAL 1024
09.12.21;0;50;90;50;19,4;
09.12.24;5;45;80;60;14,3;
09.15.02;0;5;30;0;83,9;
09.15.03;0;10;40;5;79,9;
09.15.06;0;15;45;0;77,6;
09.15.07;0;20;45;0;71,1;
09.15.09;0;25;60;0;65,2;
09.15.12;0;35;70;0;54,7;
09.15.15;0;40;80;10;43,8;
09.15.18;0;45;90;25;29,3;
09.18.03;0;10;40;5;82,0;
09.18.06;0;10;50;0;76,7;
09.18.09;0;20;60;0;71,9;
09.18.12;0;30;70;0;58,2;
09.18.15;0;40;80;5;48,7;
09.18.18;0;45;80;5;40,3;
09.21.12;0;35;80;0;63,3;
09.21.15;0;45;100;0;48,7;RAL 1003
09.21.18;0;50;100;0;37,9;RAL 1006
09.24.15;0;45;100;0;50,3;
12.03.03;0;5;15;5;76,9;
12.03.06;10;10;20;0;69,4;
12.03.09;10;10;25;10;60,1;
12.03.12;25;20;35;10;48,8;
12.03.15;15;15;30;30;39,4;
12.03.18;5;10;25;50;33,9;
12.03.19;50;45;45;5;28,1;
12.03.21;50;45;50;20;23,1;
12.03.24;5;10;25;70;17,5;
12.03.27;5;15;30;80;12,3;
12.06.12;0;15;30;30;46,6;
12.06.15;0;15;35;35;41,3;
12.06.18;35;45;60;10;30,9;RAL 1019
12.06.19;25;35;45;30;26,7;
12.06.21;15;35;45;50;21,4;
12.06.24;50;60;70;35;13,6;
12.06.27;80;90;100;5;10,0;
12.09.06;0;15;35;0;70,9;
12.09.09;5;25;40;5;57,2;
12.09.12;15;35;45;0;48,6;
12.09.15;5;30;45;25;41,4;
12.09.18;0;35;50;35;30,5;
12.09.19;15;45;60;35;25,3;
12.09.21;50;70;80;0;19,0;
12.09.24;50;70;80;20;13,9;
12.09.27;35;60;80;60;10,0;
12.09.30;60;80;90;60;6,9;RAL 8014
12.09.33;35;40;30;100;4,3;RAL 8022
12.12.06;0;20;40;0;72,2;
12.12.09;0;20;40;5;64,5;
12.12.12;10;35;60;0;51,5;
12.12.15;0;35;60;20;39,9;
12.12.17;20;50;70;5;33,9;
12.12.18;5;45;70;30;27,6;RAL 1011
12.12.21;30;60;80;20;19,7;
12.12.24;40;70;90;30;15,1;
12.12.27;20;70;90;60;11,8;RAL 8008
12.13.12;0;40;70;0;53,3;
12.13.15;0;40;70;5;45,9;
12.13.18;5;50;80;20;31,3;
12.15.03;0;5;25;0;86,1;
12.15.06;0;15;40;0;76,8;
12.15.09;0;25;50;0;61,2;
12.15.12;0;40;70;0;56,7;
12.15.13;0;40;70;0;49,0;
12.15.15;0;50;80;5;40,8;
12.15.18;20;60;90;0;30,2;
12.15.21;0;60;90;45;18,9;RAL 8001
12.15.24;40;80;100;20;13,7;
12.18.02;0;10;35;0;81,3;
12.18.03;0;10;40;5;79,3;
12.18.06;0;20;45;0;75,6;
12.18.07;0;25;60;0;71,2;
12.18.09;0;30;60;0;65,2;
12.18.12;0;45;80;0;50,2;RAL 1017
12.18.15;0;50;100;0;44,9;RAL 1033
12.18.18;0;50;100;0;37,6;RAL 1007
12.18.21;20;70;100;10;22,2;
12.21.12;0;45;90;0;56,2;
12.21.15;0;50;100;0;46,7;RAL 1028
12.21.18;0;50;100;0;41,1;RAL 1037
15.03.03;0;5;15;0;83,5;
15.03.06;0;5;15;5;76,0;
15.03.09;10;15;25;5;61,4;
15.03.12;15;20;35;10;50,4;
15.03.15;10;20;35;30;39,6;
15.03.18;15;20;35;45;31,2;
15.03.21;0;15;25;60;23,9;
15.03.22;15;25;35;60;20,4;
15.03.24;5;25;35;70;17,2;
15.06.03;0;5;15;0;87,7;
15.06.06;0;5;15;5;76,1;
15.06.09;0;10;25;10;66,4;
15.06.12;10;20;30;5;56,1;
15.06.15;25;35;40;5;43,6;
15.06.16;0;20;35;40;37,2;
15.06.18;5;30;40;45;30,3;
15.06.21;20;40;50;40;26,0;
15.06.22;5;35;45;60;19,6;
15.06.24;40;60;70;35;13,9;RAL 8025
15.06.27;15;50;50;80;8,9;
15.06.30;10;60;50;90;6,5;RAL 8017
15.09.03;0;5;20;0;83,8;
15.09.06;0;10;20;0;76,2;
15.09.09;5;20;35;0;63,5;
15.09.12;10;30;40;0;57,0;
15.09.15;5;35;45;15;46,5;
15.09.17;5;35;45;25;38,4;
15.09.18;0;40;50;35;31,2;
15.09.21;40;60;70;15;21,8;
15.09.24;20;60;70;50;13,0;RAL 8024
15.09.27;20;60;70;70;9,4;
15.09.30;20;60;70;80;8,0;RAL 8028
15.12.03;0;10;25;0;77,0;
15.12.06;0;15;30;0;74,8;
15.12.09;0;25;40;5;65,5;
15.12.12;5;35;45;0;56,1;
15.12.15;5;45;60;5;42,4;
15.12.18;0;45;60;30;30,5;
15.12.21;5;60;80;40;20,2;
15.12.24;45;80;100;30;12,7;RAL 8003
15.12.27;5;70;80;70;10,5;RAL 8007
15.15.01;0;5;20;0;88,3;
15.15.03;0;5;20;0;85,1;
15.15.06;0;15;30;0;76,4;
15.15.09;0;30;45;0;65,1;
15.15.12;0;40;60;0;55,3;
15.15.15;0;50;70;0;46,6;
15.15.18;15;60;80;0;30,6;
15.15.21;20;70;90;15;21,5;
15.15.24;5;70;90;50;13,9;
15.18.06;0;20;40;0;76,4;
15.18.07;0;30;45;0;69,4;
15.18.09;0;35;60;0;64,3;
15.18.12;0;45;70;0;56,5;
15.18.15;0;50;80;0;44,2;RAL 1034
15.18.18;15;70;100;0;27,9;
15.18.21;5;70;100;30;21,5;
15.21.15;0;60;100;0;41,6;
15.21.18;0;60;100;5;28,9;
15.ME.01;45;60;70;35;~ 13;Kupfer
18.06.03;0;5;10;0;83,6;
18.06.06;5;10;15;0;74,0;
18.06.09;5;10;20;10;65,3;
18.06.12;15;20;25;5;54,6;
18.06.15;25;25;35;10;44,0;
18.06.17;40;40;40;5;36,7;
18.06.18;40;45;45;10;31,2;
18.06.21;5;20;25;60;21,5;
18.06.24;10;30;30;70;14,0;
18.06.27;40;50;45;70;9,3;
18.06.30;20;45;40;90;6,4;
18.06.33;5;40;35;100;5,6;
18.09.03;0;10;20;0;80,9;
18.09.06;0;15;35;5;71,6;
18.09.09;0;20;30;5;62,5;
18.09.12;0;30;40;10;56,1;
18.09.13;0;30;40;15;50,4;
18.09.15;5;40;50;10;43,2;
18.09.18;0;40;45;30;31,4;
18.09.21;0;45;50;50;21,1;
18.09.24;20;60;70;40;15,8;
18.09.25;70;90;100;0;11,3;
18.09.27;70;90;100;30;8,1;RAL 8011
18.09.30;70;90;100;50;7,0;
18.12.03;0;15;25;0;76,1;
18.12.06;0;20;30;0;76,0;
18.12.07;0;20;30;0;69,4;
18.12.09;0;30;40;0;62,8;
18.12.13;0;40;45;0;52,1;
18.12.15;0;45;60;5;43,2;
18.12.18;20;60;70;0;31,5;
18.12.21;15;60;70;25;22,3;
18.12.24;40;80;90;20;14,2;
18.12.27;50;90;100;25;10,0;
18.12.30;45;90;100;60;8,5;
18.15.09;0;40;45;0;64,2;
18.15.12;0;45;60;0;57,3;
18.15.15;0;50;60;0;44,3;
18.15.18;15;70;80;0;28,6;
18.15.21;10;70;90;25;20,8;
18.15.24;35;80;100;5;17,6;RAL 8023
18.15.27;10;80;90;45;13,7;
18.15.30;50;90;100;20;12,1;
18.15.33;10;80;90;70;8,8;
18.18.12;0;50;70;0;52,7;
18.18.15;0;60;80;0;42,6;
18.18.18;0;70;90;0;30,6;
18.21.15;0;60;80;0;41,7;
18.21.18;0;70;100;0;30,2;RAL 2011
18.24.18;0;60;100;0;36,7;
18.24.21;0;70;100;0;28,3;RAL 2000
21.06.21;35;50;50;20;25,4;
21.06.24;0;30;35;70;17,5;
21.06.27;45;60;60;60;11,8;
21.06.30;40;60;60;70;8,1;
21.06.33;70;90;90;80;5,6;
21.09.02;0;5;15;0;87,6;
21.09.03;0;5;15;0;85,5;
21.09.06;0;10;20;0;73,7;
21.09.09;0;15;25;5;65,5;
21.09.12;0;25;35;10;54,3;
21.09.15;10;40;40;10;44,4;
21.09.18;10;45;50;25;31,0;
21.09.21;0;45;45;50;21,8;
21.09.22;45;70;70;15;17,7;
21.09.24;5;60;60;60;12,4;RAL 8002
21.09.27;20;80;70;60;7,7;RAL 8015
21.12.06;0;20;30;0;77,1;
21.12.09;0;25;30;0;65,5;
21.12.12;5;35;40;5;53,4;
21.12.15;5;45;50;5;43,2;
21.12.16;10;50;50;5;38,0;
21.12.18;20;60;70;5;30,3;
21.12.21;10;70;70;25;21,8;
21.12.24;15;80;80;40;13,6;RAL 8004
21.12.27;15;80;80;60;9,4;
21.12.30;15;80;70;60;8,1;RAL 8012
21.15.12;0;40;45;0;55,4;
21.15.15;0;50;50;0;45,6;
21.15.16;5;60;70;0;39,3;
21.15.18;10;70;70;0;29,5;
21.15.21;20;80;90;5;19,8;
21.15.24;10;80;80;45;13,7;
21.15.27;40;90;100;30;10,6;
21.16.18;0;70;80;0;31,1;
21.16.21;10;80;90;0;25,8;
21.16.24;10;90;100;10;20,0;
21.18.12;0;40;45;0;60,2;
21.18.15;0;50;60;0;52,5;
21.18.16;0;60;80;0;46,0;
21.18.18;0;70;100;0;35,9;RAL 2003
21.18.21;0;80;100;0;30,6;RAL 2008
21.18.24;0;80;100;5;23,2;RAL 2010
21.ME.01;35;70;70;20;~ 20;
24.06.03;0;5;10;0;85,5;
24.06.06;0;10;15;0;73,5;
24.06.09;5;15;20;0;66,8;
24.06.12;5;20;25;10;57,2;
24.06.15;15;30;35;15;45,2;
24.06.18;35;50;45;10;31,3;
24.06.19;35;50;50;25;24,3;
24.06.22;30;50;50;45;19,5;
24.06.24;10;45;40;60;15,2;
24.06.27;0;45;30;80;9,7;
24.06.30;45;80;60;80;5,4;RAL 3007
24.09.09;0;20;25;0;65,4;
24.09.12;0;30;35;5;55,0;
24.09.15;15;45;40;0;45,3;
24.09.16;10;45;40;10;39,7;
24.09.18;10;50;45;20;32,3;
24.09.21;0;40;40;50;25,0;
24.09.24;25;70;60;50;13,8;
24.09.27;35;80;60;60;8,8;
24.09.30;35;80;80;80;6,7;RAL 8016
24.12.03;0;10;15;0;80,8;
24.12.06;0;20;25;0;76,7;
24.12.09;0;30;30;0;66,1;
24.12.12;0;40;40;5;56,8;
24.12.15;5;50;45;0;45,2;
24.12.16;0;50;50;10;40,5;
24.12.18;20;60;60;0;32,2;RAL 3012
24.12.21;0;60;60;35;21,5;
24.13.18;5;60;60;10;34,2;
24.13.21;15;70;70;5;24,4;
24.13.24;25;80;70;20;17,5;
24.15.12;0;50;45;0;56,0;
24.15.15;0;50;45;0;45,9;
24.15.18;0;70;70;5;30,8;
24.15.21;0;80;70;10;26,0;RAL 3022
24.15.24;40;90;90;10;14,2;
24.15.27;25;80;70;50;8,5;RAL 3009
24.15.30;5;80;60;80;6,6;
24.18.15;0;60;60;0;43,7;
24.18.18;0;70;70;0;32,9;
24.18.21;5;80;80;0;25,6;RAL 2012
24.18.23;20;80;80;0;21,3;
24.18.24;15;90;90;25;13,7;
24.18.27;10;80;70;40;12,3;
24.18.30;40;100;100;50;8,0;
24.21.15;0;80;90;0;29,6;
24.21.18;0;80;100;0;24,7;RAL 2004
24.21.21;0;80;100;0;23,9;RAL 2009
24.21.24;15;90;100;5;17,8;RAL 2001
24.24.21;0;90;100;0;20,9;
24.24.24;0;90;90;25;14,3;
27.09.03;0;10;15;0;75,6;
27.09.06;0;15;15;0;77,9;
27.09.09;5;20;20;0;66,4;
27.09.12;5;25;20;5;57,8;
27.09.15;0;30;20;20;45,7;
27.09.18;20;45;40;0;40,3;
27.09.19;15;50;45;20;33,2;
27.09.21;0;50;45;30;26,1;
27.09.23;15;60;50;35;19,7;
27.09.24;0;60;45;60;13,9;
27.09.27;10;80;50;60;9,2;
27.09.30;10;90;60;70;6,7;RAL 3005
27.09.33;5;90;45;90;5,1;
27.12.06;0;15;15;0;77,0;
27.12.09;0;25;20;0;65,8;
27.12.12;0;30;25;0;58,2;
27.12.15;0;40;30;5;46,1;
27.12.18;5;60;50;10;31,6;
27.12.19;5;60;50;20;29,3;
27.12.21;10;60;60;25;25,2;
27.12.23;15;70;60;30;20,3;
27.12.24;50;90;80;5;13,2;
27.12.27;60;100;100;5;9,4;
27.12.30;5;90;70;50;8,2;RAL 3011
27.13.18;10;60;50;0;34,7;
27.13.21;10;70;60;20;24,4;
27.13.24;30;80;70;0;19,7;
27.15.06;0;25;20;0;73,9;
27.15.09;0;35;30;0;65,4;
27.15.12;0;45;35;0;55,1;
27.15.15;0;50;40;0;47,6;
27.15.18;5;70;60;5;30,3;
27.15.21;20;80;70;5;21,0;
27.15.24;15;90;80;25;13,7;
27.18.15;0;60;45;0;44,7;
27.18.18;0;70;60;0;30,7;
27.18.21;15;90;80;5;20,3;
27.18.24;0;90;80;35;14,2;RAL 3016
27.18.27;25;100;100;25;11,4;RAL 3013
27.18.30;15;100;90;50;8,9;RAL 3003
27.21.18;0;80;70;0;30,7;
27.21.21;5;100;100;10;16,7;RAL 2002
27.21.24;5;100;90;15;14,4;
27.21.27;0;100;90;40;11,2;RAL 3002
27.21.30;30;100;90;5;13,7;RAL 3031
27.24.24;0;100;100;20;14,6;RAL 3020
27.24.27;35;100;100;0;12,9;RAL 3000
27.24.30;0;100;90;40;11,4;RAL 3001
30.06.06;0;10;10;0;76,3;
30.06.09;5;15;15;5;65,6;
30.06.12;5;15;15;10;59,9;
30.06.15;30;35;35;5;43,9;
30.06.18;5;30;20;45;33,1;
30.06.21;50;60;50;5;21,5;
30.06.24;5;40;20;70;14,3;
30.06.27;10;50;25;80;9,8;
30.06.30;70;80;70;45;6,9;
30.09.03;0;10;10;0;84,0;
30.09.06;0;15;10;0;77,1;
30.09.09;0;20;15;5;65,5;
30.09.12;0;30;20;5;55,3;
30.09.15;5;50;35;5;43,6;
30.09.18;5;60;40;10;33,6;
30.09.21;30;60;45;20;22,6;
30.09.24;0;50;35;60;15,1;
30.09.27;10;70;40;70;9,3;
30.09.30;30;80;45;80;6,1;
30.12.21;25;70;50;20;20,9;
30.12.24;30;80;60;30;14,5;
30.12.27;10;80;45;60;9,4;
30.12.30;30;90;50;70;6,1;
30.15.06;0;20;15;0;76,6;
30.15.09;0;30;20;0;66,4;
30.15.12;0;40;25;0;56,0;
30.15.15;0;50;30;0;43,7;
30.15.18;0;60;40;10;34,2;
30.15.21;0;70;50;10;28,0;RAL 3014
30.15.24;10;80;60;15;21,7;
30.15.27;35;90;70;10;14,0;
30.15.30;60;100;90;0;9,7;
30.15.33;35;100;70;50;6,4;
30.18.12;0;45;25;0;55,0;
30.18.15;0;60;35;0;42,9;
30.18.18;0;80;45;0;28,7;
30.18.21;0;90;60;10;22,4;RAL 3017
30.18.24;15;90;70;0;19,2;RAL 3018
30.18.27;15;100;70;15;13,3;RAL 3027
30.18.30;10;100;80;40;9,4;
30.18.33;40;100;80;45;7,3;RAL 3004
30.21.21;15;90;60;0;22,2;
30.21.24;20;90;60;20;14,5;
30.24.21;20;100;90;5;15,0;
30.24.24;15;100;80;25;11,9;
33.06.03;5;5;10;0;84,9;
33.06.06;0;10;10;0;78,1;
33.06.09;0;10;10;10;66,0;
33.06.12;0;10;10;20;57,1;
33.06.15;20;25;25;15;45,4;
33.06.17;5;15;15;40;39,7;
33.06.18;5;20;20;45;35,5;
33.06.21;15;25;25;45;31,4;
33.06.24;10;25;20;60;20,9;
33.06.27;5;30;15;70;14,1;
33.06.30;10;35;10;90;9,4;
33.09.12;0;15;10;5;66,8;
33.09.13;5;25;15;10;56,8;
33.09.15;0;25;15;20;47,0;
33.09.16;0;20;15;35;40,6;
33.09.17;25;40;35;20;33,4;
33.09.18;5;35;20;50;26,3;
33.09.21;0;45;20;50;23,1;
33.09.24;35;70;45;45;14,6;
33.09.27;15;70;30;70;8,9;
33.09.30;70;100;90;35;6,6;
33.12.06;0;10;10;0;78,2;
33.12.09;0;20;10;5;65,2;
33.12.12;0;30;15;5;56,8;
33.12.15;5;45;25;5;44,7;RAL 3015
33.12.17;0;45;20;25;36,7;
33.12.18;5;50;25;25;31,3;
33.12.21;35;70;40;10;22,1;
33.12.24;10;70;30;50;16,2;
33.12.27;0;80;15;70;9,4;
33.12.30;35;90;25;80;6,1;
33.15.21;0;70;25;35;21,8;
33.15.24;30;90;60;35;12,4;RAL 4002
33.15.27;45;100;60;50;7,3;RAL 4004
33.18.24;20;100;70;5;14,5;
33.18.27;10;100;60;50;9,1;
36.03.03;0;5;5;0;83,1;
36.03.06;5;10;10;0;76,3;
36.03.09;5;10;10;10;65,8;
36.03.12;15;20;20;10;53,0;
36.03.15;25;30;25;5;46,0;
36.03.18;20;30;25;40;31,3;
36.03.21;10;20;15;60;21,5;
36.03.24;35;45;30;60;14,4;
36.03.27;20;35;10;80;9,5;
36.03.30;45;50;35;90;6,5;
36.06.03;0;5;5;0;84,6;
36.06.06;5;15;10;0;75,9;
36.06.09;5;20;10;0;66,5;
36.06.12;5;25;10;5;58,1;
36.06.15;10;35;15;15;45,4;
36.06.18;0;40;10;40;31,7;
36.06.21;10;45;15;50;21,7;
36.06.24;15;50;15;60;14,6;
36.06.27;60;80;60;45;9,5;
36.06.30;50;80;40;70;6,4;
36.06.33;70;90;60;70;5,6;
36.09.06;0;20;5;0;73,1;
36.09.09;0;30;5;0;65,6;
36.09.12;0;45;5;0;56,3;
36.09.15;0;60;5;0;44,3;
36.09.18;10;60;15;15;32,2;
36.09.21;10;70;10;25;22,4;
36.09.24;15;80;15;45;14,4;
36.09.27;20;80;15;60;9,2;
36.09.30;40;90;20;70;5,7;
36.09.33;35;80;10;80;6,3;RAL 4007
36.09.36;40;90;20;90;4,8;
36.12.21;10;80;15;5;24,8;RAL 4003
36.12.24;0;90;0;45;14,8;
36.12.27;50;100;45;15;10,0;
36.15.21;5;90;15;15;18,9;RAL 4010
36.15.24;0;90;5;35;14,1;
36.15.27;10;90;25;50;9,9;
39.06.06;0;10;5;5;75,7;
39.06.09;0;10;5;10;68,4;
39.06.12;15;20;15;0;58,6;
39.06.15;25;30;20;10;45,5;
39.06.18;25;30;25;30;31,0;
39.06.21;0;20;5;60;22,5;
39.06.24;60;70;60;15;15,1;
39.06.27;25;45;5;80;9,3;
39.06.30;45;45;45;80;6,8;RAL 8019
39.09.09;0;15;5;5;67,2;
39.09.12;0;20;5;15;57,2;
39.09.15;20;35;15;10;45,3;
39.09.18;10;35;10;40;32,3;
39.09.21;35;45;35;20;27,8;RAL 4009
39.09.24;50;70;40;25;15,2;
39.09.27;45;80;30;60;8,7;
39.12.09;0;25;5;0;67,3;
39.12.12;10;35;10;0;56,2;
39.12.15;10;45;5;10;43,0;
39.12.18;5;45;0;20;33,0;
39.12.21;5;50;0;50;21,9;
39.12.24;25;60;15;50;14,6;
39.12.27;60;90;40;35;8,9;
39.15.09;0;15;5;0;76,7;
39.15.12;0;40;0;0;54,9;
39.15.15;5;50;0;0;44,4;
39.15.18;15;70;5;0;32,3;
39.15.21;25;70;15;15;23,0;
39.15.24;35;80;20;35;14,0;
39.15.27;45;90;30;40;10,2;
39.15.30;80;100;60;40;5,9;
39.18.21;20;80;0;5;23,1;
39.18.24;25;90;0;25;12,8;RAL 4006
42.03.03;0;0;5;5;82,0;
42.03.06;5;5;10;5;72,9;
42.03.09;10;10;15;5;66,5;
42.03.12;10;10;15;15;58,8;
42.03.15;20;20;25;20;42,8;
42.03.18;30;25;35;30;32,1;RAL 7036
42.03.21;0;5;10;60;24,5;
42.03.24;0;5;10;70;19,7;
42.03.27;50;45;50;45;15,7;
42.03.30;40;45;40;70;10,8;
42.06.03;0;0;5;5;83,5;
42.06.06;0;5;5;5;77,0;
42.06.09;0;10;5;10;65,2;
42.06.12;10;15;10;10;57,8;
42.06.15;20;25;20;15;45,7;
42.06.18;30;35;25;20;32,8;
42.06.21;30;40;30;45;23,2;
42.06.24;30;40;25;60;15,3;
42.06.27;20;40;0;80;10,4;
42.09.18;20;35;15;50;31,4;
42.09.21;35;50;20;30;21,9;
42.09.24;50;60;35;35;15,0;
42.09.27;60;70;35;50;9,4;
42.12.06;0;15;0;0;76,4;
42.12.09;5;25;5;0;66,8;
42.12.12;5;30;5;5;57,1;
42.12.15;20;45;10;0;44,6;
42.12.18;10;40;0;25;32,3;
42.12.21;40;60;20;15;22,0;
42.12.24;35;60;5;40;17,6;RAL 4001
42.15.15;15;50;5;0;44,9;
42.15.18;25;60;5;0;34,1;
42.15.21;20;60;0;20;22,4;
42.15.24;50;80;25;15;14,2;
42.15.27;35;70;0;60;9,5;
42.15.30;50;80;0;80;5,8;
42.18.15;10;50;0;0;44,1;
42.18.18;20;60;0;0;33,4;
42.18.21;35;80;0;0;22,7;
42.18.24;45;90;0;15;14,8;
42.18.27;25;90;0;50;10,0;
42.21.12;10;30;0;0;56,2;
42.21.15;20;40;0;0;45,5;
42.21.18;35;60;5;0;31,8;
42.21.21;40;70;0;5;23,2;
42.21.24;35;80;0;30;14,3;RAL 4008
42.21.27;60;90;15;30;9,9;
42.ME.01;25;20;30;35;~ 25;DB 701
45.06.03;0;0;5;0;84,2;
45.06.06;0;0;5;10;77,5;
45.06.09;5;5;5;15;65,8;
45.06.12;20;20;15;10;52,5;
45.06.15;25;20;20;15;46,9;
45.06.18;25;25;20;40;31,6;
45.06.21;35;35;30;45;23,4;
45.06.24;15;25;10;70;15,2;
45.06.27;50;45;35;70;9,9;
45.06.30;45;40;5;90;6,2;
45.09.06;5;5;5;0;83,5;
45.09.09;15;15;10;0;65,8;
45.09.12;15;20;10;5;56,0;
45.09.15;25;30;10;5;47,4;
45.09.18;35;40;20;5;35,3;
45.09.21;35;40;15;35;23,7;
45.09.24;70;70;40;10;14,8;
45.09.27;70;70;35;50;9,4;
45.09.30;60;70;5;70;6,6;
45.12.06;5;5;0;5;74,6;
45.12.09;5;10;0;5;69,4;
45.12.12;15;20;0;10;57,8;
45.12.15;25;30;0;10;46,0;
45.12.18;20;25;0;35;33,4;
45.12.21;35;45;0;30;22,8;
45.12.24;50;60;15;25;16,1;
45.12.27;80;90;40;15;9,5;
45.15.21;30;50;5;30;22,9;
45.15.24;70;80;40;0;14,9;
45.15.27;45;70;0;60;8,9;
45.18.12;15;25;0;0;57,7;
45.18.15;30;40;0;0;45,5;
45.18.18;40;50;0;0;32,7;
45.18.21;50;60;0;0;23,1;
45.18.24;60;80;0;5;14,8;
45.18.27;70;90;0;30;9,4;
45.18.30;70;90;0;60;6,0;
45.ME.01;50;45;50;10;~ 27;DB 702
48.06.06;10;5;5;0;74,6;
48.06.09;20;10;10;0;69,0;
48.06.12;5;0;0;25;57,2;
48.06.15;5;0;0;45;44,0;
48.06.18;20;10;10;45;33,0;
48.06.21;30;20;15;50;23,6;
48.06.24;45;35;20;60;14,6;
48.06.27;70;60;45;45;10,2;
48.06.30;50;40;10;90;6,0;
48.09.12;25;20;10;0;57,3;
48.09.15;25;25;5;15;46,3;
48.09.18;25;25;5;30;33,2;
48.09.21;30;30;0;50;23,1;
48.09.24;35;35;0;60;15,2;
48.09.27;70;60;35;50;9,4;
48.09.30;70;70;10;70;6,1;
48.12.09;15;15;0;0;68,1;
48.12.12;20;20;0;0;57,9;
48.12.15;25;25;0;15;45,0;
48.12.18;40;45;5;10;33,4;
48.12.21;50;60;5;20;19,0;RAL 4005
48.12.24;60;60;25;30;14,4;
48.12.27;90;90;50;0;9,4;
48.15.15;30;30;0;0;45,8;
48.15.18;40;40;0;5;33,9;
48.15.21;60;60;0;0;24,1;
48.15.24;70;80;5;0;15,6;
48.15.27;80;90;15;15;9,8;
48.15.30;80;90;0;50;6,7;
48.15.33;90;90;35;40;6,5;
48.18.24;70;80;0;15;12,7;
51.03.12;5;5;10;20;58,5;RAL 7047
51.03.18;5;5;10;50;34,4;RAL 7004
51.03.24;15;10;20;60;23,2;RAL 7037
51.06.06;0;0;0;15;75,4;
51.06.09;10;5;5;10;67,8;
51.06.12;10;5;5;20;57,3;
51.06.15;20;15;10;20;46,0;
51.06.18;20;15;10;40;33,9;
51.06.21;30;25;15;50;23,0;
51.06.24;40;30;15;60;15,9;
51.06.27;40;35;15;70;10,4;
51.06.30;80;80;50;60;5,9;
51.09.06;10;5;0;5;75,4;
51.09.09;15;5;0;10;67,4;
51.09.12;20;15;5;5;57,5;
51.09.15;30;25;5;10;45,7;
51.09.18;45;35;20;15;32,9;
51.09.21;45;35;10;35;22,6;
51.09.24;45;40;10;50;16,0;
51.09.27;50;40;0;70;10,1;
51.12.15;30;25;0;10;45,8;
51.12.18;35;25;0;25;33,2;
51.12.21;40;35;0;35;23,8;
51.12.24;50;40;0;50;17,0;
51.12.27;70;60;10;50;10,8;
51.12.30;100;100;50;15;5,9;RAL 5022
51.15.09;20;10;0;0;66,4;
51.15.12;30;20;0;0;55,1;
51.15.15;40;30;0;0;44,7;
51.15.18;45;35;0;0;36,6;
51.15.21;60;50;0;10;24,1;
51.15.24;70;60;10;20;15,6;
51.15.27;70;60;0;50;9,8;
51.15.30;90;90;15;25;7,0;
51.18.21;60;50;0;0;25,3;
51.18.24;70;70;5;5;16,7;
51.18.27;80;80;0;35;10,3;
51.ME.01;50;45;50;45;~ 14;DB 703
54.09.12;20;10;5;10;58,3;
54.09.15;35;20;10;5;46,0;
54.09.18;50;35;20;10;34,8;
54.09.21;40;25;10;45;23,0;
54.09.24;80;70;45;10;14,9;
54.09.27;90;80;50;5;10,3;
54.09.30;90;80;45;50;7,0;
54.12.06;10;0;0;5;76,9;
54.12.09;20;10;5;0;64,8;
54.12.12;30;10;5;0;59,3;
54.12.15;35;15;0;15;45,1;
54.12.18;50;30;5;15;33,4;
54.12.21;70;50;5;10;24,4;
54.12.24;70;50;0;40;15,5;
54.12.27;90;70;15;35;10,2;
54.12.30;90;70;0;60;7,1;
54.15.12;30;15;0;0;58,2;
54.15.15;45;25;0;20;45,8;
54.15.18;60;30;0;10;34,8;
54.15.21;70;50;5;0;24,4;
54.15.24;90;60;0;5;16,5;
54.15.27;90;70;0;25;10,6;
54.15.30;70;45;30;80;7,4;RAL 5002
57.06.03;10;5;10;0;79,0;
57.06.06;10;0;0;10;74,5;
57.06.09;15;5;5;5;69,6;
57.06.12;25;10;10;0;62,6;
57.06.15;15;0;0;35;47,2;
57.06.18;30;10;10;35;34,7;
57.06.21;45;30;20;35;24,7;
57.06.24;45;30;20;60;15,4;
57.06.27;50;30;20;70;10,2;
57.06.30;70;45;30;80;6,5;
57.06.33;30;10;10;100;4,8;RAL 9011
57.09.09;25;5;5;0;65,6;
57.09.12;30;10;10;5;55,6;
57.09.15;40;25;20;0;43,2;
57.09.18;50;35;25;0;32,5;
57.09.21;35;15;5;50;25,1;
57.09.24;70;45;35;40;15,6;
57.09.27;60;40;15;60;11,6;
57.09.30;70;40;5;80;7,4;
57.09.33;80;50;20;90;5,2;RAL 5011
57.09.36;90;60;30;90;4,4;
57.12.09;20;5;0;5;66,5;
57.12.12;35;10;5;0;57,6;
57.12.15;35;10;0;15;47,3;
57.12.18;50;25;5;15;34,6;
57.12.21;60;40;15;15;24,5;
57.12.24;70;50;20;30;16,0;
57.12.27;90;70;30;40;9,9;
57.12.30;90;70;40;50;6,4;RAL 5003
57.12.33;100;90;45;35;6,1;RAL 5013
57.15.12;35;10;0;0;56,4;
57.15.15;45;20;0;0;44,7;
57.15.18;60;25;0;10;35,4;
57.15.21;60;30;0;20;24,8;
57.15.24;80;50;10;20;15,4;
57.15.27;100;80;30;15;9,9;
57.15.30;100;80;30;45;6,9;
57.18.15;50;20;0;0;45,9;
57.18.18;60;30;0;0;34,8;
57.18.21;80;50;5;5;20,8;
57.18.24;90;60;10;15;15,0;
57.18.27;100;70;10;20;9,9;
57.18.30;100;70;10;50;6,7;
57.21.18;70;30;0;0;33,2;
57.21.21;70;35;0;5;25,5;
57.21.24;90;60;0;0;17,7;
57.21.27;90;60;5;20;13,2;
57.21.30;100;70;5;20;10,3;
60.03.24;30;20;25;35;30,9;RAL 7045
60.06.03;0;0;5;5;84,9;
60.06.06;5;0;5;5;78,2;
60.06.09;20;10;15;0;65,1;
60.06.12;30;15;20;0;54,4;
60.06.15;30;20;25;10;45,4;
60.06.18;25;15;20;40;35,0;
60.06.19;10;0;0;60;27,8;
60.06.21;45;30;35;45;22,3;
60.06.24;50;40;40;50;15,0;
60.06.27;35;25;25;70;11,3;RAL 7015
60.06.30;20;5;0;90;9,3;RAL 7024
60.09.03;10;0;5;0;81,4;
60.09.06;15;0;5;0;76,6;
60.09.09;20;0;5;15;62,5;
60.09.12;25;5;5;10;58,3;
60.09.15;25;5;5;25;46,7;
60.09.18;50;30;25;10;36,1;
60.09.19;45;15;10;35;29,4;
60.09.21;60;40;25;20;21,5;RAL 5014
60.09.24;70;45;25;45;15,5;
60.09.27;90;70;45;25;10,4;
60.09.30;90;70;40;60;6,7;
60.09.33;90;80;60;80;4,6;RAL 5004
60.12.09;25;5;5;0;66,3;
60.12.12;35;10;10;0;56,8;
60.12.15;45;15;5;10;45,3;
60.12.18;45;10;0;25;34,6;
60.12.21;70;40;20;5;24,4;
60.12.24;70;30;5;45;16,3;RAL 5023
60.12.27;90;60;35;40;10,0;RAL 5000
60.12.30;90;45;5;70;6,8;
60.15.09;25;0;0;5;67,2;
60.15.12;35;5;0;5;59,0;
60.15.15;50;10;0;10;45,6;
60.15.18;60;30;10;0;34,2;
60.15.21;70;20;0;25;24,3;
60.15.24;80;40;10;30;16,1;
60.15.27;100;70;35;25;10,0;
60.15.30;100;60;10;60;7,0;
60.18.12;35;5;0;0;58,4;
60.18.15;60;15;0;0;44,5;
60.18.18;60;20;0;5;34,2;
60.18.21;80;25;0;15;25,3;
60.18.24;90;40;5;25;17,1;
60.18.27;100;60;20;35;9,2;RAL 5010
60.21.18;70;20;0;0;33,4;
60.21.21;90;30;0;5;24,2;
60.21.24;90;30;0;20;17,2;
60.21.27;100;50;0;45;10,0;RAL 5005
60.ME.01;20;15;20;25;~ 53;RAL 9006
63.03.15;20;10;15;40;36,1;RAL 7040
63.03.18;45;25;35;20;31,5;RAL 7001
63.03.21;30;15;20;50;25,5;RAL 7046
63.06.03;10;0;0;5;80,5;
63.06.06;15;0;0;10;72,8;
63.06.09;20;0;5;10;66,3;
63.06.12;25;5;5;10;60,4;
63.06.15;15;0;0;35;46,9;
63.06.18;20;5;5;50;33,8;
63.06.21;40;20;20;50;22,3;
63.06.24;45;25;20;60;15,6;
63.06.27;45;10;5;80;9,9;
63.06.30;60;35;30;80;6,9;RAL 5008
63.06.33;90;90;90;45;6,2;RAL 7021
63.09.03;15;0;5;0;81,4;
63.09.06;20;0;5;0;76,2;
63.09.09;25;0;5;10;62,0;
63.09.12;35;5;10;0;60,1;
63.09.15;30;0;5;25;47,0;
63.09.18;45;15;15;20;34,5;
63.09.21;70;45;40;5;23,0;
63.09.24;60;15;15;60;15,4;
63.09.27;60;15;10;70;11,2;
63.12.03;20;0;10;0;74,7;
63.12.06;30;0;10;0;73,8;
63.12.09;40;0;5;0;62,8;
63.12.12;45;0;5;15;47,3;
63.12.15;60;20;20;0;36,6;
63.12.18;60;15;15;20;28,3;RAL 5024
63.12.21;60;15;10;35;24,4;
63.12.24;80;35;15;35;15,0;RAL 5007
63.12.27;80;10;0;70;10,0;
63.12.30;90;50;20;70;6,7;
63.15.12;40;0;5;0;57,6;
63.15.15;50;0;5;10;46,8;
63.15.18;60;5;0;15;36,7;
63.15.21;80;30;20;10;24,9;
63.15.24;90;40;20;25;16,2;
63.15.27;90;45;35;45;11,7;RAL 5009
63.18.12;50;0;5;0;57,3;
63.18.15;70;0;5;0;45,3;
63.18.18;70;10;5;0;36,2;
63.18.21;90;30;15;0;23,5;RAL 5012
63.18.24;90;15;0;25;18,9;RAL 5015
63.18.27;90;25;10;50;11,9;RAL 5019
63.21.27;100;45;10;35;11,3;RAL 5017
63.ME.01;15;5;10;35;~ 13;
66.03.03;5;0;10;5;75,6;
66.03.06;15;5;15;0;72,9;
66.03.09;20;5;15;5;63,5;
66.03.12;20;5;15;15;58,3;
66.03.15;30;10;20;15;48,9;
66.03.18;45;25;30;10;37,0;
66.06.03;20;0;10;0;78,9;
66.06.06;20;0;10;0;75,4;
66.06.09;20;0;5;10;65,6;
66.06.12;30;5;15;5;57,5;
66.06.15;40;15;20;15;42,6;
66.06.18;25;0;5;50;33,5;
66.06.21;40;20;25;45;26,1;RAL 7000
66.06.24;40;20;25;60;16,3;RAL 7031
66.06.27;70;45;40;60;9,6;
66.06.30;50;5;15;90;6,4;
66.09.12;30;0;10;10;57,9;
66.09.15;45;10;20;10;46,0;
66.09.18;40;5;10;40;32,3;
66.09.21;70;30;35;25;22,4;
66.09.24;70;30;30;50;14,9;
66.09.27;70;20;25;70;9,1;
66.09.30;80;30;25;80;6,6;
66.12.03;25;0;10;0;78,4;
66.12.06;25;0;5;0;75,9;
66.12.09;25;0;5;0;69,8;
66.12.12;45;5;15;0;56,2;
66.12.15;50;0;10;10;46,1;
66.12.18;60;5;15;20;32,1;
66.12.21;70;10;15;35;23,4;
66.12.24;90;50;40;10;15,9;
66.12.27;90;30;20;60;10,1;
66.12.30;100;60;50;50;7,6;
66.15.09;45;0;10;0;62,3;
66.15.12;50;0;10;0;55,7;
66.15.15;70;0;10;0;47,3;
66.15.18;80;5;15;5;34,2;
66.15.21;80;10;15;20;23,8;
66.15.24;90;20;20;35;16,0;
66.15.27;100;40;25;45;10,7;
66.15.30;100;80;60;5;8,5;RAL 5001
66.18.12;50;0;10;0;56,9;
66.18.15;70;0;10;0;45,0;
66.18.18;90;0;10;5;33,4;
66.18.21;90;5;10;20;24,7;
66.18.24;100;15;15;30;15,7;
66.18.27;100;20;15;50;11,5;
69.03.03;10;0;10;0;85,4;
69.03.06;10;0;10;5;73,7;
69.03.09;10;0;10;15;63,5;
69.03.12;30;15;25;0;51,9;
69.03.15;20;5;15;30;43,5;
69.03.18;20;5;15;50;32,6;
69.03.21;45;30;40;40;22,4;
69.03.24;60;45;45;35;15,1;
69.03.27;30;5;10;80;11,1;
69.03.30;80;60;60;70;6,5;
69.06.09;15;0;10;15;62,9;
69.06.12;30;5;20;15;53,7;
69.06.15;40;15;30;10;44,1;
69.06.18;25;0;15;50;31,7;
69.06.21;45;20;30;50;22,2;
69.06.24;40;0;15;70;15,1;
69.06.27;45;5;20;80;10,5;
69.06.30;35;5;20;90;8,2;RAL 7026
69.06.33;70;35;45;80;6,5;
69.06.36;60;0;20;100;4,9;
69.09.12;30;5;15;5;58,5;
69.09.15;45;10;20;0;46,1;
69.09.18;45;5;15;30;32,4;
69.09.21;60;5;25;45;22,9;
69.09.24;70;5;25;60;14,9;
69.09.27;70;10;30;70;9,9;
69.09.30;80;10;30;80;6,9;
69.12.06;25;0;10;0;76,7;
69.12.09;30;0;10;0;66,1;
69.12.12;40;0;10;5;58,4;
69.12.15;60;0;15;5;46,8;
69.12.18;60;0;15;20;33,8;
69.12.21;70;10;20;30;23,6;
69.12.24;90;45;40;25;15,1;
69.12.27;100;70;60;15;9,7;
69.12.30;100;40;35;70;7,0;
69.15.06;30;0;10;0;74,7;
69.15.09;35;0;10;0;64,0;
69.15.12;50;0;15;0;57,2;
69.15.15;60;0;15;0;45,4;
69.15.18;80;0;15;5;35,5;
69.15.21;90;20;25;5;24,7;
69.15.24;90;0;15;50;16,4;
69.15.27;100;5;20;60;10,9;
69.18.03;20;0;10;0;78,7;
69.18.06;30;0;15;0;74,5;
69.18.09;45;0;20;0;67,0;
69.18.12;50;0;20;0;57,3;
69.18.15;70;0;25;0;44,3;
69.18.18;80;0;25;0;34,8;
69.18.21;100;10;35;5;24,7;
69.18.24;100;15;40;20;17,1;
69.18.27;100;0;25;60;10,6;
69.21.09;45;0;25;0;65,9;
69.21.12;60;0;30;0;54,4;
69.21.15;70;0;30;0;44,2;
69.21.18;80;0;30;5;35,8;
69.21.21;90;5;40;5;25,3;
69.21.24;100;35;50;0;16,4;
69.21.27;100;20;45;50;10,8;
69.24.24;100;20;40;20;15,7;
72.06.24;15;0;5;80;13,9;RAL 7012
72.06.27;45;25;35;70;12,0;RAL 7011
72.06.30;40;20;25;90;7,8;RAL 7016
72.09.03;20;0;15;0;76,2;
72.09.06;25;0;15;0;74,3;
72.09.09;35;0;20;0;63,0;
72.09.12;40;0;25;5;53,1;
72.09.15;50;0;30;20;38,9;RAL 6034
72.09.18;45;0;20;30;34,1;
72.09.21;70;30;40;20;23,3;
72.09.24;60;5;30;60;15,3;
72.09.27;80;30;50;60;10,2;
72.09.30;90;35;50;60;7,8;
72.12.06;30;0;15;0;75,4;
72.12.09;35;0;15;0;65,7;
72.12.12;45;0;20;0;56,6;
72.12.15;50;0;25;10;44,7;
72.12.18;70;10;30;5;33,1;
72.12.21;80;10;35;30;22,8;
72.12.24;80;10;30;50;16,1;
72.12.27;90;15;30;60;10,1;
72.12.30;100;20;35;80;7,0;
72.15.15;60;0;30;0;44,6;
72.15.18;70;10;40;0;34,1;
72.15.21;80;0;40;30;22,8;RAL 5018
72.15.24;90;25;50;30;15,4;
72.15.27;100;40;60;45;10,4;
72.15.30;90;0;30;80;7,0;RAL 5020
72.18.09;45;0;30;0;64,9;
72.18.12;60;0;40;0;56,2;
72.18.15;70;0;40;0;44,4;
72.18.18;80;0;45;0;35,7;
72.18.21;90;5;50;5;25,0;
72.18.24;90;10;50;30;15,9;RAL 5021
72.18.27;100;0;45;60;10,3;
72.21.18;90;0;40;5;34,1;
72.21.21;100;0;50;15;21,1;
72.21.24;100;10;50;25;16,6;
72.ME.01;30;15;25;5;~ 49;
75.01.09;10;5;20;15;58,3;
75.01.12;30;20;35;5;52,5;
75.03.03;5;0;10;0;86,6;RAL 9016
75.03.06;10;5;15;5;69,2;
75.03.09;15;5;20;10;61,1;RAL 9018
75.03.12;15;10;20;10;57,9;RAL 7035
75.03.15;25;15;30;15;44,7;RAL 7038
75.03.18;25;15;25;45;30,3;RAL 7042
75.03.21;45;35;45;40;23,4;
75.03.24;45;35;45;45;18,0;RAL 7005
75.03.27;35;15;35;80;11,6;RAL 7043
75.06.03;10;0;10;0;84,4;
75.06.06;10;0;10;5;75,7;
75.06.09;15;0;15;10;67,0;
75.06.12;20;5;20;15;56,7;
75.06.15;35;15;30;10;44,8;
75.06.18;35;15;30;35;31,7;
75.06.21;60;45;50;5;23,4;
75.06.24;45;25;40;60;15,7;
75.06.27;45;20;30;80;9,4;
75.09.03;10;0;10;0;83,1;
75.09.06;15;0;15;0;77,7;
75.09.09;25;0;20;5;66,5;
75.09.12;30;5;25;5;56,6;
75.09.15;35;5;30;20;45,0;
75.09.18;35;5;30;40;33,8;
75.09.21;60;35;50;25;23,4;
75.09.24;40;0;35;70;15,2;
75.09.27;90;60;70;50;7,1;
75.09.30;90;45;70;90;5,6;
75.12.06;25;0;15;0;75,2;
75.12.09;35;0;25;0;65,8;
75.12.12;50;0;35;0;56,2;
75.12.15;50;0;30;5;44,1;RAL 6027
75.12.18;60;20;45;10;32,9;
75.12.21;70;25;50;20;24,1;
75.12.24;80;45;60;20;15,6;
75.12.27;100;80;80;15;7,6;RAL 6004
75.15.09;30;0;25;0;65,6;
75.15.12;40;0;30;0;56,2;
75.15.15;50;0;35;5;45,2;
75.15.18;60;10;45;10;34,5;
75.15.21;80;35;60;0;22,5;RAL 6033
75.15.24;60;5;45;60;15,5;
75.15.27;80;10;45;70;9,5;
75.18.03;25;0;20;0;80,6;
75.18.06;30;0;25;0;72,9;
75.18.09;45;0;30;0;63,0;
75.18.12;60;0;45;0;53,2;
75.18.15;70;0;45;0;43,6;
75.18.18;90;0;60;0;35,9;
75.18.21;90;5;60;0;24,7;
75.18.24;100;40;70;0;16,5;
75.18.27;100;30;70;40;10,5;
75.21.24;100;5;70;40;13,2;
75.ME.01;10;5;15;30;~ 16;
75.ME.02;15;15;25;50;~ 29;RAL 9007
78.01.03;10;0;10;0;83,3;
78.01.06;5;0;10;10;72,2;
78.01.09;5;0;10;20;62,0;
78.01.12;25;15;25;15;48,4;
78.01.15;35;20;35;25;36,5;
78.01.18;30;20;30;45;28,0;
78.01.21;50;40;45;30;21,3;
78.01.24;10;0;15;80;15,4;
78.01.27;10;0;10;90;10,3;
78.01.30;30;15;35;90;8,4;
78.01.33;60;50;60;90;5,9;
78.03.03;10;0;15;0;84,0;
78.03.06;10;0;15;5;76,2;
78.03.09;20;5;25;5;62,1;
78.03.12;20;0;25;15;57,0;
78.03.15;25;0;25;30;45,8;
78.03.18;35;0;35;45;31,7;
78.03.21;50;20;45;35;22,2;
78.03.24;80;60;70;15;14,3;
78.03.27;70;30;50;70;9,3;
78.03.30;35;0;30;90;6,9;RAL 6012
78.06.03;15;0;20;0;84,0;
78.06.06;20;0;25;0;76,3;
78.06.09;30;0;30;0;64,1;
78.06.12;45;0;40;0;53,3;
78.06.15;50;0;45;10;45,2;
78.06.18;60;10;60;10;33,1;
78.06.21;80;20;70;15;22,8;
78.06.24;80;30;70;25;17,0;RAL 6000
78.06.27;60;5;60;70;10,0;RAL 6028
78.06.30;100;80;100;35;7,2;
78.09.03;10;0;15;0;79,6;
78.09.06;25;0;20;0;75,1;
78.09.09;25;0;25;0;65,2;
78.09.12;35;0;30;0;56,3;
78.09.15;50;0;40;15;43,5;
78.09.18;60;15;50;5;33,3;
78.09.21;60;5;60;45;22,6;
78.09.24;80;45;70;20;15,0;
78.12.12;50;0;40;5;55,2;
78.12.15;60;0;50;0;43,6;
78.12.18;70;0;60;10;33,0;
78.12.21;90;0;60;5;24,8;
78.12.24;90;5;70;40;15,7;
78.12.27;100;45;80;20;10,5;RAL 6026
78.15.15;60;0;45;0;43,5;
78.15.18;70;0;50;5;33,8;
78.15.21;70;5;60;25;24,0;
78.15.24;80;15;70;40;14,8;
78.15.27;90;35;70;50;9,5;
78.18.03;35;0;30;0;77,9;
78.18.06;35;0;30;0;73,6;
78.18.09;50;0;40;5;63,3;
78.18.12;60;0;50;0;53,6;
78.18.15;70;0;60;0;45,1;
78.18.18;80;0;60;0;34,8;
78.18.21;90;0;70;5;24,4;
78.18.24;100;15;90;15;16,5;
81.03.03;5;0;10;0;84,0;
81.03.06;10;0;15;5;76,6;
81.03.09;25;10;25;0;59,1;
81.03.12;30;15;30;5;49,7;
81.03.15;35;15;35;10;45,0;
81.03.16;25;10;25;35;37,4;
81.03.18;20;5;25;50;30,6;
81.03.21;25;10;30;60;22,4;
81.03.24;40;25;40;60;16,1;
81.03.27;45;20;40;80;10,2;
81.03.30;50;25;45;90;6,2;
81.03.33;60;0;40;100;5,0;
81.06.03;5;0;15;0;85,0;
81.06.06;15;0;20;0;74,1;
81.06.09;15;5;25;5;66,0;
81.06.12;25;5;30;10;55,6;
81.06.15;25;0;35;30;42,9;
81.06.16;25;0;35;40;37,1;
81.06.18;50;30;50;5;31,6;
81.06.21;50;25;60;45;21,2;
81.06.24;35;0;45;70;13,3;
81.06.27;35;5;45;80;9,5;
81.06.30;50;10;60;90;6,1;RAL 6009
81.06.33;70;35;70;90;5,8;
81.09.03;10;0;25;0;83,6;
81.09.06;15;0;30;0;74,9;
81.09.09;25;0;40;0;66,9;
81.09.12;30;5;40;5;57,8;RAL 6019
81.09.15;35;0;45;20;45,4;
81.09.16;40;0;50;25;39,1;
81.09.18;40;0;50;30;33,6;
81.09.21;50;5;60;50;21,6;
81.09.24;70;35;80;45;13,1;
81.09.27;80;50;80;50;9,7;
81.09.30;90;20;80;80;7,0;RAL 6005
81.12.06;25;0;45;0;75,5;
81.12.09;30;0;50;0;62,6;
81.12.12;40;0;60;0;54,4;
81.12.15;50;5;70;0;44,2;
81.12.16;50;10;70;5;38,1;
81.12.18;50;0;70;30;29,9;
81.12.21;60;30;70;15;24,6;
81.12.24;80;60;90;15;13,4;
81.12.27;70;35;80;70;9,1;
81.12.30;60;25;70;80;7,0;
81.12.33;45;25;70;90;6,2;RAL 6007
81.15.09;45;0;40;0;65,0;
81.15.12;60;0;60;0;53,9;
81.15.15;70;0;70;0;43,4;
81.15.18;80;0;70;0;35,9;
81.15.21;90;10;90;5;23,7;
81.15.24;90;10;90;15;19,5;RAL 6024
81.15.27;90;25;90;10;18,5;RAL 6032
81.15.30;100;45;90;10;12,9;RAL 6016
81.18.12;50;0;60;0;59,7;
81.18.15;70;0;80;0;47,2;
81.18.18;80;0;90;0;33,2;
81.18.21;90;5;100;5;23,3;
81.18.24;100;10;90;20;15,2;
81.18.27;100;25;100;20;13,8;RAL 6029
81.18.30;100;30;100;45;10,1;
81.18.33;90;0;80;70;8,9;
84.03.24;35;30;45;40;23,1;RAL 7023
84.06.03;5;0;15;0;82,3;
84.06.06;5;0;20;5;76,7;
84.06.09;10;0;20;5;74,8;
84.06.12;15;5;30;5;65,6;
84.06.15;10;0;30;20;58,3;
84.06.18;10;0;35;35;46,4;
84.06.21;15;0;40;50;31,7;
84.06.24;40;30;45;30;24,1;RAL 7033
84.06.25;10;0;35;70;18,1;
84.06.27;25;10;45;70;13,8;
84.06.30;35;15;50;80;9,6;
84.09.09;10;0;35;0;75,3;
84.09.12;20;5;40;0;64,0;
84.09.15;15;0;45;15;58,1;
84.09.18;25;0;50;25;44,8;
84.09.21;35;10;60;30;32,1;
84.09.24;35;5;50;35;31,9;RAL 6021
84.09.27;70;50;80;0;20,7;RAL 6011
84.09.30;50;20;70;70;9,9;
84.09.33;70;50;80;70;8,3;RAL 6020
84.12.18;40;10;70;0;45,5;
84.12.21;60;25;90;0;31,2;
84.12.24;70;45;90;0;22,3;
84.12.27;40;5;80;60;16,0;RAL 6025
84.12.30;60;15;90;70;9,8;
84.15.09;20;0;50;0;77,3;
84.15.12;30;0;60;0;68,9;
84.15.15;35;0;70;0;56,6;
84.15.18;45;0;80;5;44,6;
84.15.21;70;20;100;0;30,2;
84.15.24;70;30;100;15;20,3;
84.15.27;80;45;100;15;14,9;RAL 6010
84.15.30;70;15;90;60;11,1;RAL 6002
84.18.09;25;0;45;0;74,3;
84.18.12;45;0;70;0;63,2;
84.18.15;45;0;70;0;56,4;
84.18.18;60;0;90;0;47,5;
84.18.21;70;0;90;10;33,1;
84.18.24;60;5;90;45;20,1;RAL 6017
84.18.27;90;50;100;20;13,3;RAL 6001
84.21.03;15;0;30;0;80,9;
84.21.06;15;0;40;0;77,5;
84.21.09;20;0;60;0;76,7;
84.21.12;30;0;70;0;67,6;
84.21.15;45;0;90;0;56,1;
84.21.18;50;0;90;0;45,4;
84.21.21;60;0;100;10;32,1;
84.21.24;70;5;100;5;27,2;RAL 6018
84.21.27;80;0;100;30;21,8;
84.21.30;90;10;100;45;14,0;
84.ME.01;35;20;45;45;~ 22;DB 601
87.03.03;0;0;10;5;84,3;
87.03.06;5;0;15;10;74,5;
87.03.09;15;10;25;5;59,7;
87.03.12;0;0;15;35;51,9;
87.03.15;20;15;30;20;44,9;
87.03.18;45;40;45;5;31,6;
87.03.21;40;30;45;35;22,3;
87.03.24;20;15;40;70;15,5;
87.03.27;25;15;40;80;11,0;
87.03.30;50;40;60;80;7,1;RAL 6015
87.06.03;5;0;20;0;84,4;
87.06.06;5;0;25;5;76,3;
87.06.09;15;5;35;5;65,6;
87.06.12;5;0;35;25;56,3;
87.06.15;35;25;45;0;44,6;
87.06.18;35;25;50;25;32,1;
87.06.21;40;30;60;45;22,7;
87.06.24;20;10;50;70;13,7;
87.09.03;5;0;30;0;83,6;
87.09.06;10;0;45;0;76,3;
87.09.09;15;0;50;5;64,6;
87.09.12;10;0;45;25;55,2;
87.09.15;20;5;60;25;45,0;
87.09.18;10;0;60;50;31,6;
87.09.21;15;0;60;60;22,6;
87.09.24;60;50;90;40;14,4;
87.09.27;30;5;70;80;10,1;
87.12.09;20;0;60;0;67,1;
87.12.12;20;5;60;5;56,3;
87.12.15;25;0;70;25;44,0;
87.12.18;25;5;70;30;34,2;
87.12.21;45;20;90;45;20,6;
87.12.24;25;5;80;70;14,3;
87.12.27;70;45;100;60;9,2;
87.15.03;5;0;40;5;83,0;
87.15.06;10;0;50;0;81,7;
87.15.09;15;0;70;0;72,4;
87.15.12;25;0;90;0;64,3;
87.15.15;40;5;100;5;45,4;
87.15.18;30;5;100;25;35,0;
87.15.21;40;5;100;45;24,0;
87.18.15;30;0;100;0;60,0;
87.18.18;35;0;100;10;45,1;
87.ME.01;10;10;30;30;~ 14;
90.03.06;0;0;20;10;73,9;
90.03.09;0;0;20;20;62,9;
90.03.15;5;5;25;30;50,4;
90.03.18;10;10;35;30;44,4;RAL 7032
90.03.19;40;35;45;15;32,9;
90.03.21;35;30;50;50;20,2;RAL 7003
90.03.24;25;15;40;70;13,2;RAL 7009
90.03.27;15;5;25;80;12,8;RAL 7010
90.03.30;0;5;20;90;9,8;RAL 7022
90.06.03;0;0;15;0;84,7;
90.06.06;0;0;25;10;75,2;
90.06.09;5;5;30;10;66,5;
90.06.12;0;0;25;30;54,5;
90.06.15;25;20;45;15;45,5;
90.06.18;15;15;45;45;30,7;
90.06.21;15;15;45;60;22,3;
90.06.24;10;10;50;70;14,1;
90.06.27;40;35;60;70;9,5;
90.06.30;45;40;60;80;7,2;RAL 6006
90.06.33;90;90;100;35;6,0;RAL 6008
90.09.03;5;0;30;0;86,5;
90.09.06;5;0;35;5;76,1;
90.09.09;15;10;40;0;64,0;
90.09.12;15;10;50;5;57,6;
90.09.15;15;10;60;25;43,8;
90.09.18;40;35;70;5;31,3;
90.09.21;25;30;70;40;22,1;
90.09.24;10;10;70;70;14,1;
90.09.27;25;10;60;80;10,6;RAL 6003
90.12.06;5;0;40;0;75,5;
90.12.09;5;0;50;10;66,4;
90.12.12;20;10;70;0;58,1;
90.12.15;20;15;80;15;43,8;
90.12.18;25;25;90;30;30,0;
90.12.21;35;25;100;45;21,2;
90.12.24;15;15;90;70;15,0;
90.15.06;10;0;70;0;74,9;
90.15.09;15;0;80;0;64,5;
90.15.12;25;5;100;0;55,2;
90.15.15;5;5;100;25;42,6;
90.18.12;25;5;100;0;57,2;
90.ME.01;10;10;40;30;~ 41;
93.03.03;0;0;5;5;84,2;RAL 9003
93.03.06;0;0;10;5;85,5;RAL 9010
93.03.09;10;5;25;0;75,2;
93.03.12;10;10;30;0;67,3;
93.03.15;5;5;35;20;56,8;
93.03.18;30;30;45;5;43,1;
93.03.21;25;30;60;45;27,4;RAL 7034
93.03.24;40;40;60;30;22,2;RAL 7002
93.03.27;10;20;50;70;12,9;
93.03.30;35;40;60;70;9,5;
93.03.33;5;25;40;90;7,4;
93.06.06;0;0;15;0;89,2;
93.06.09;0;5;20;0;83,7;
93.06.12;5;5;30;0;73,5;
93.06.15;5;5;35;10;64,9;
93.06.18;20;15;40;5;57,8;
93.06.21;5;10;40;30;45,4;
93.06.24;20;20;45;35;30,6;
93.06.27;20;20;60;60;20,1;RAL 6013
93.06.30;15;15;45;70;15,1;
93.06.33;10;10;45;80;10,5;
93.09.12;5;5;40;0;75,2;
93.09.15;15;10;45;0;65,4;
93.09.18;0;5;50;20;58,0;
93.09.21;10;15;60;25;43,1;
93.09.24;25;30;70;25;32,0;
93.09.27;10;20;70;50;22,4;
93.09.30;5;20;70;70;13,6;
93.09.33;30;35;80;80;9,7;
93.12.12;5;5;45;0;75,6;
93.12.15;0;5;60;10;67,5;
93.12.18;10;15;70;5;57,6;
93.12.21;5;15;70;25;43,2;
93.12.24;20;30;80;35;28,1;
93.12.27;20;30;90;50;20,6;
93.15.06;0;0;30;0;90,0;
93.15.09;0;0;40;5;87,7;
93.15.12;0;5;70;0;79,3;
93.15.15;0;5;80;5;69,6;
93.15.18;5;15;90;0;58,0;
93.15.21;15;20;100;15;43,9;
93.15.24;10;25;100;35;29,8;
93.18.15;0;0;90;5;72,5;RAL 1016
93.18.18;0;10;100;0;64,6;
96.09.03;0;0;20;0;88,4;
96.09.06;5;5;40;0;75,6;
96.09.09;10;15;45;0;65,8;
96.09.12;5;10;50;5;60,2;
96.09.15;15;20;60;10;50,5;RAL 1000
96.09.18;35;40;70;15;29,7;RAL 1020
96.09.21;10;25;70;50;21,4;
96.09.24;25;35;80;60;14,7;
96.12.01;0;0;15;0;87,0;
96.12.02;0;0;20;0;85,0;
96.12.03;0;0;20;0;82,1;
96.12.06;5;10;40;0;74,2;
96.12.09;0;5;50;5;68,0;
96.12.12;5;15;60;5;59,1;
96.12.15;5;20;70;20;44,4;
96.12.18;5;25;80;40;30,3;
96.12.21;0;20;80;60;20,2;
96.15.06;0;5;40;5;77,2;
96.15.09;0;10;60;0;68,3;
96.15.12;0;15;70;5;58,8;
96.15.15;10;30;90;10;44,0;
96.15.18;30;40;100;15;30,3;
96.18.01;0;0;20;0;86,9;
96.18.02;0;5;40;0;84,3;
96.18.03;0;5;45;0;81,9;
96.18.06;0;10;60;0;75,8;
96.18.09;0;15;80;5;64,9;
96.18.12;5;20;80;0;59,4;
96.18.15;5;30;100;10;43,2;
96.18.18;0;20;100;40;32,4;
96.21.06;0;5;60;0;79,7;
96.21.09;0;15;80;0;66,7;
96.21.12;0;20;90;0;61,4;
96.21.15;0;20;100;15;46,8;
96.24.09;0;20;90;0;63,3;RAL 1018
96.24.12;0;15;100;0;67,6;
99.00.03;5;0;10;0;85,9;
99.00.06;0;0;5;5;82,7;
99.00.09;10;5;15;0;78,0;
99.00.12;15;10;15;0;69,0;
99.00.15;15;10;20;10;61,7;
99.00.18;15;10;20;15;56,9;
99.00.21;0;0;5;35;50,2;
99.00.24;20;15;20;25;45,2;
99.00.27;15;10;20;40;38,2;
99.00.30;35;25;35;25;33,6;
99.00.33;30;25;30;40;30,1;
99.00.36;25;20;25;50;24,7;
99.00.39;5;0;5;70;22,3;
99.00.42;45;35;40;45;19,8;
99.00.45;50;45;45;45;16,3;
99.00.48;70;60;60;30;13,9;
99.00.51;15;10;10;80;11,7;
99.00.54;35;30;30;80;9,7;
99.00.57;20;15;15;90;8,1;
99.00.60;45;35;35;90;7,0;
99.00.63;70;60;50;80;5,6;RAL 9004
99.00.66;10;0;0;100;4,5;RAL 9017
99.00.69;100;90;60;100;4,2;RAL 9005